MGI_Gene_Marker_ID,Symbol,Name,Chr,Qualifier,Annotated_Term,Context,Proteoform,Evidence,Inferred_From,Reference(s),component
MGI:87859,Abl1,"c-abl oncogene 1, non-receptor tyrosine kinase",2,NA,negative regulation of endothelial cell apoptotic process,NA,NA,IGI,MGI:87860,J:198786,epithelial_cell_apoptotic_process
MGI:87859,Abl1,"c-abl oncogene 1, non-receptor tyrosine kinase",2,NA,podocyte apoptotic process,NA,NA,ISO,RGD:1584969,J:155856,epithelial_cell_apoptotic_process
MGI:87860,Abl2,"ABL proto-oncogene 2, non-receptor tyrosine kinase",1,NA,negative regulation of endothelial cell apoptotic process,NA,NA,IGI,MGI:87859,J:198786,epithelial_cell_apoptotic_process
MGI:1889575,Adar,"adenosine deaminase, RNA-specific",3,NA,hepatocyte apoptotic process,happens in hepatocyte,NA,IMP,MGI:2176228 MGI:3032439 MGI:3032487,J:87714,epithelial_cell_apoptotic_process
MGI:1889575,Adar,"adenosine deaminase, RNA-specific",3,NA,negative regulation of hepatocyte apoptotic process,"negatively regulates apoptotic process,negatively regulates hepatocyte apoptotic process",NA,IMP,MGI:2176228 MGI:3032439 MGI:3032487,J:87714,epithelial_cell_apoptotic_process
MGI:3580016,Agap2,"ArfGAP with GTPase domain, ankyrin repeat and PH domain 2",10,NA,epithelial cell apoptotic process,happens in epithelial cell,NA,IMP,MGI:4439325,J:158376,epithelial_cell_apoptotic_process
MGI:3580016,Agap2,"ArfGAP with GTPase domain, ankyrin repeat and PH domain 2",10,NA,negative regulation of epithelial cell apoptotic process,"negatively regulates apoptotic process,negatively regulates epithelial cell apoptotic process",NA,IMP,MGI:4439325,J:158376,epithelial_cell_apoptotic_process
MGI:893592,Ager,advanced glycosylation end product-specific receptor,17,NA,positive regulation of endothelial cell apoptotic process,NA,NA,ISO,RGD:69258,J:155856,epithelial_cell_apoptotic_process
MGI:893592,Ager,advanced glycosylation end product-specific receptor,17,NA,positive regulation of type B pancreatic cell apoptotic process,NA,NA,ISO,RGD:69258,J:155856,epithelial_cell_apoptotic_process
MGI:1933427,Akr1c6,"aldo-keto reductase family 1, member C6",13,NA,positive regulation of endothelial cell apoptotic process,NA,NA,ISO,P42330,J:164563,epithelial_cell_apoptotic_process
MGI:2145458,Akr1c14,"aldo-keto reductase family 1, member C14",13,NA,positive regulation of endothelial cell apoptotic process,NA,NA,ISO,P42330,J:164563,epithelial_cell_apoptotic_process
MGI:2145420,Akr1c18,"aldo-keto reductase family 1, member C18",13,NA,positive regulation of endothelial cell apoptotic process,NA,NA,ISO,P42330,J:164563,epithelial_cell_apoptotic_process
MGI:2151104,Akr1c20,"aldo-keto reductase family 1, member C20",13,NA,positive regulation of endothelial cell apoptotic process,NA,NA,ISO,P42330,J:164563,epithelial_cell_apoptotic_process
MGI:1918111,Akr1cl,"aldo-keto reductase family 1, member C-like",1,NA,positive regulation of endothelial cell apoptotic process,NA,NA,ISO,P42330,J:164563,epithelial_cell_apoptotic_process
MGI:1934606,Alms1,"ALMS1, centrosome and basal body associated",6,NA,epithelial cell apoptotic process,happens in epithelial cell,NA,IMP,MGI:3699224,J:118221,epithelial_cell_apoptotic_process
MGI:1934606,Alms1,"ALMS1, centrosome and basal body associated",6,NA,negative regulation of epithelial cell apoptotic process,"negatively regulates apoptotic process,negatively regulates epithelial cell apoptotic process",NA,IMP,MGI:3699224,J:118221,epithelial_cell_apoptotic_process
MGI:108448,Angpt1,angiopoietin 1,15,NA,negative regulation of endothelial cell apoptotic process,NA,NA,ISO,Q15389,J:164563,epithelial_cell_apoptotic_process
MGI:1888999,Angptl4,angiopoietin-like 4,17,NA,endothelial cell apoptotic process,happens in endothelial cell,NA,IDA,NA,J:61082,epithelial_cell_apoptotic_process
MGI:1888999,Angptl4,angiopoietin-like 4,17,NA,negative regulation of endothelial cell apoptotic process,negatively regulates endothelial cell apoptotic process,NA,IDA,NA,J:61082,epithelial_cell_apoptotic_process
MGI:2145890,Ano6,anoctamin 6,15,NA,positive regulation of endothelial cell apoptotic process,NA,NA,ISO,Q4KMQ2,J:164563,epithelial_cell_apoptotic_process
MGI:88039,Apc,"APC, WNT signaling pathway regulator",18,NA,epithelial cell apoptotic process,happens in epithelial cell,NA,IMP,MGI:1856318,J:120014,epithelial_cell_apoptotic_process
MGI:88039,Apc,"APC, WNT signaling pathway regulator",18,NA,negative regulation of epithelial cell apoptotic process,"negatively regulates apoptotic process,negatively regulates epithelial cell apoptotic process",NA,IMP,MGI:1856318,J:120014,epithelial_cell_apoptotic_process
MGI:99435,Arf6,ADP-ribosylation factor 6,12,NA,hepatocyte apoptotic process,"happens in hepatocyte,happens in liver",NA,IMP,MGI:3662650,J:111404,epithelial_cell_apoptotic_process
MGI:99474,Arrb2,"arrestin, beta 2",11,NA,positive regulation of epithelial cell apoptotic process,NA,NA,ISO,RGD:2157,J:155856,epithelial_cell_apoptotic_process
MGI:109349,Atf2,activating transcription factor 2,2,NA,hepatocyte apoptotic process,NA,NA,IGI,MGI:2443472,J:123909,epithelial_cell_apoptotic_process
MGI:2443472,Atf7,activating transcription factor 7,15,NA,hepatocyte apoptotic process,NA,NA,IGI,MGI:109349,J:123909,epithelial_cell_apoptotic_process
MGI:1921494,Atg7,autophagy related 7,6,NA,negative regulation of type B pancreatic cell apoptotic process,"happens in type B pancreatic cell,negatively regulates type B pancreatic cell apoptotic process",NA,IMP,MGI:3587769,J:205147,epithelial_cell_apoptotic_process
MGI:1921494,Atg7,autophagy related 7,6,NA,type B pancreatic cell apoptotic process,happens in type B pancreatic cell,NA,IMP,MGI:3587769,J:205147,epithelial_cell_apoptotic_process
MGI:104654,Atoh1,atonal bHLH transcription factor 1,6,NA,epithelial cell apoptotic process,happens in sensory epithelial cell,NA,IMP,MGI:2155984,J:75944,epithelial_cell_apoptotic_process
MGI:104654,Atoh1,atonal bHLH transcription factor 1,6,NA,negative regulation of epithelial cell apoptotic process,negatively regulates epithelial cell apoptotic process,NA,IMP,MGI:2155984,J:75944,epithelial_cell_apoptotic_process
MGI:1096330,Bad,BCL2-associated agonist of cell death,19,NA,positive regulation of granulosa cell apoptotic process,NA,NA,ISO,RGD:620103,J:155856,epithelial_cell_apoptotic_process
MGI:99702,Bax,BCL2-associated X protein,7,NA,epithelial cell apoptotic process,happens in follicle cell of egg chamber,NA,IMP,MGI:1857429,J:52574,epithelial_cell_apoptotic_process
MGI:99702,Bax,BCL2-associated X protein,7,NA,epithelial cell apoptotic process,happens in epithelial cell,NA,IMP,MGI:1857429,J:55402,epithelial_cell_apoptotic_process
MGI:99702,Bax,BCL2-associated X protein,7,NA,positive regulation of epithelial cell apoptotic process,"happens in ovary follicle,positively regulates epithelial cell apoptotic process",NA,IMP,MGI:1857429,J:52574,epithelial_cell_apoptotic_process
MGI:99702,Bax,BCL2-associated X protein,7,NA,positive regulation of epithelial cell apoptotic process,"positively regulates apoptotic process involved in mammary gland involution,positively regulates epithelial cell apoptotic process",NA,IMP,MGI:1857429,J:55402,epithelial_cell_apoptotic_process
MGI:88138,Bcl2,B cell leukemia/lymphoma 2,1,NA,epithelial cell apoptotic process,happens in epidermal cell,NA,IMP,MGI:1857430,J:52893,epithelial_cell_apoptotic_process
MGI:88138,Bcl2,B cell leukemia/lymphoma 2,1,NA,epithelial cell apoptotic process,happens in epithelial cell,NA,IMP,MGI:2156165,J:59016,epithelial_cell_apoptotic_process
MGI:88138,Bcl2,B cell leukemia/lymphoma 2,1,NA,negative regulation of epithelial cell apoptotic process,"negatively regulates apoptotic process,negatively regulates epithelial cell apoptotic process",NA,IMP,MGI:1857430,J:52893,epithelial_cell_apoptotic_process
MGI:88138,Bcl2,B cell leukemia/lymphoma 2,1,NA,negative regulation of epithelial cell apoptotic process,"negatively regulates apoptotic process,negatively regulates epithelial cell apoptotic process",NA,IMP,MGI:2156165,J:59016,epithelial_cell_apoptotic_process
MGI:88139,Bcl2l1,BCL2-like 1,2,NA,hepatocyte apoptotic process,NA,NA,IMP,MGI:2158303,J:59317,epithelial_cell_apoptotic_process
MGI:108093,Bid,BH3 interacting domain death agonist,6,NA,hepatocyte apoptotic process,NA,NA,IGI,MGI:1929260,J:209127,epithelial_cell_apoptotic_process
MGI:108093,Bid,BH3 interacting domain death agonist,6,NA,hepatocyte apoptotic process,NA,NA,IGI,MGI:95484,J:209127,epithelial_cell_apoptotic_process
MGI:108093,Bid,BH3 interacting domain death agonist,6,NA,hepatocyte apoptotic process,NA,NA,ISO,P55957,J:164563,epithelial_cell_apoptotic_process
MGI:88180,Bmp4,bone morphogenetic protein 4,14,NA,positive regulation of endothelial cell apoptotic process,NA,NA,ISO,RGD:2213,J:155856,epithelial_cell_apoptotic_process
MGI:1095407,Bmpr2,bone morphogenetic protein receptor type 2,1,NA,endothelial cell apoptotic process,NA,NA,ISO,Q13873,J:164563,epithelial_cell_apoptotic_process
MGI:1858494,Bok,BCL2-related ovarian killer,1,NA,regulation of granulosa cell apoptotic process,NA,NA,ISO,Q9UMX3,J:164563,epithelial_cell_apoptotic_process
MGI:88190,Braf,Braf transforming gene,6,NA,endothelial cell apoptotic process,happens in cardiovascular system,NA,IMP,MGI:1857579,J:41257,epithelial_cell_apoptotic_process
MGI:88190,Braf,Braf transforming gene,6,NA,negative regulation of endothelial cell apoptotic process,negatively regulates endothelial cell apoptotic process,NA,IMP,MGI:1857579,J:41257,epithelial_cell_apoptotic_process
MGI:99439,Btc,"betacellulin, epidermal growth factor family member",5,NA,epithelial cell apoptotic process,happens in epithelial cell,NA,IDA,NA,J:138998,epithelial_cell_apoptotic_process
MGI:99439,Btc,"betacellulin, epidermal growth factor family member",5,NA,negative regulation of epithelial cell apoptotic process,"negatively regulates apoptotic process,negatively regulates epithelial cell apoptotic process",NA,IDA,NA,J:138998,epithelial_cell_apoptotic_process
MGI:1344392,Capn10,calpain 10,1,NA,positive regulation of type B pancreatic cell apoptotic process,NA,NA,IMP,NA,J:123988,epithelial_cell_apoptotic_process
MGI:1344392,Capn10,calpain 10,1,NA,type B pancreatic cell apoptotic process,NA,NA,IMP,NA,J:123988,epithelial_cell_apoptotic_process
MGI:1344392,Capn10,calpain 10,1,NA,type B pancreatic cell apoptotic process,NA,NA,ISO,Q9HC96,J:164563,epithelial_cell_apoptotic_process
MGI:1913208,Carm1,coactivator-associated arginine methyltransferase 1,9,NA,positive regulation of epithelial cell apoptotic process,NA,NA,ISO,Q86X55,J:164563,epithelial_cell_apoptotic_process
MGI:107739,Casp3,caspase 3,8,NA,epithelial cell apoptotic process,"happens in epithelial cell,happens in uterus",NA,IDA,NA,J:130045,epithelial_cell_apoptotic_process
MGI:1312921,Casp6,caspase 6,3,NA,hepatocyte apoptotic process,NA,NA,ISO,P55212,J:164563,epithelial_cell_apoptotic_process
MGI:1261423,Casp8,caspase 8,1,NA,hepatocyte apoptotic process,"happens in hepatocyte,happens in liver",NA,IMP,MGI:2177602 MGI:3054930,J:92722,epithelial_cell_apoptotic_process
MGI:1277950,Casp9,caspase 9,4,NA,epithelial cell apoptotic process,"happens in epithelial cell,happens in uterus",NA,IDA,NA,J:130045,epithelial_cell_apoptotic_process
MGI:1098236,Cast,calpastatin,13,NA,negative regulation of type B pancreatic cell apoptotic process,NA,NA,ISO,P20810,J:164563,epithelial_cell_apoptotic_process
MGI:88336,Cd40,CD40 antigen,2,NA,positive regulation of endothelial cell apoptotic process,NA,NA,IBA,PTN005324942,J:265628,epithelial_cell_apoptotic_process
MGI:88336,Cd40,CD40 antigen,2,NA,positive regulation of endothelial cell apoptotic process,NA,NA,ISO,P25942,J:164563,epithelial_cell_apoptotic_process
MGI:88337,Cd40lg,CD40 ligand,X,NA,positive regulation of endothelial cell apoptotic process,NA,NA,ISO,P29965,J:164563,epithelial_cell_apoptotic_process
MGI:1860383,Cd160,CD160 antigen,3,NA,positive regulation of endothelial cell apoptotic process,NA,NA,ISO,O95971,J:164563,epithelial_cell_apoptotic_process
MGI:1917695,Cd248,"CD248 antigen, endosialin",19,NA,endothelial cell apoptotic process,happens in retina,NA,IMP,MGI:3625491,J:189188,epithelial_cell_apoptotic_process
MGI:1917695,Cd248,"CD248 antigen, endosialin",19,NA,positive regulation of endothelial cell apoptotic process,positively regulates endothelial cell apoptotic process,NA,IMP,MGI:3625491,J:189188,epithelial_cell_apoptotic_process
MGI:105057,Cdh5,cadherin 5,8,NA,negative regulation of endothelial cell apoptotic process,NA,NA,ISO,P33151,J:164563,epithelial_cell_apoptotic_process
MGI:104565,Cdkn1b,cyclin dependent kinase inhibitor 1B,6,NA,epithelial cell apoptotic process,happens in epithelial cell,NA,IMP,MGI:1888808,J:115443,epithelial_cell_apoptotic_process
MGI:104565,Cdkn1b,cyclin dependent kinase inhibitor 1B,6,NA,negative regulation of epithelial cell apoptotic process,"negatively regulates apoptotic process,negatively regulates epithelial cell apoptotic process",NA,IMP,MGI:1888808,J:115443,epithelial_cell_apoptotic_process
MGI:1336166,Cflar,CASP8 and FADD-like apoptosis regulator,1,NA,negative regulation of epithelial cell apoptotic process,NA,NA,ISO,RGD:620847,J:155856,epithelial_cell_apoptotic_process
MGI:1336166,Cflar,CASP8 and FADD-like apoptosis regulator,1,NA,negative regulation of hepatocyte apoptotic process,NA,NA,ISO,RGD:620847,J:155856,epithelial_cell_apoptotic_process
MGI:104688,Col4a3,"collagen, type IV, alpha 3",1,NA,endothelial cell apoptotic process,NA,NA,ISO,Q01955,J:164563,epithelial_cell_apoptotic_process
MGI:88451,Col18a1,"collagen, type XVIII, alpha 1",10,NA,endothelial cell apoptotic process,happens in blood vessel endothelial cell,NA,IDA,NA,J:91211,epithelial_cell_apoptotic_process
MGI:88451,Col18a1,"collagen, type XVIII, alpha 1",10,NA,positive regulation of endothelial cell apoptotic process,positively regulates endothelial cell apoptotic process,NA,IDA,NA,J:91211,epithelial_cell_apoptotic_process
MGI:101941,E2f1,E2F transcription factor 1,2,NA,lens fiber cell apoptotic process,NA,NA,IDA,NA,J:65993,epithelial_cell_apoptotic_process
MGI:1096341,E2f2,E2F transcription factor 2,4,NA,lens fiber cell apoptotic process,NA,NA,IDA,NA,J:65993,epithelial_cell_apoptotic_process
MGI:1915795,Ecscr,endothelial cell surface expressed chemotaxis and apoptosis regulator,18,NA,positive regulation of endothelial cell apoptotic process,NA,NA,IBA,PTN002006527,J:265628,epithelial_cell_apoptotic_process
MGI:1915795,Ecscr,endothelial cell surface expressed chemotaxis and apoptosis regulator,18,NA,positive regulation of endothelial cell apoptotic process,NA,NA,ISO,Q19T08,J:148532,epithelial_cell_apoptotic_process
MGI:105923,Ednra,endothelin receptor type A,8,NA,podocyte apoptotic process,NA,NA,IMP,NA,J:246633,epithelial_cell_apoptotic_process
MGI:95299,Eif2s1,"eukaryotic translation initiation factor 2, subunit 1 alpha",12,NA,positive regulation of type B pancreatic cell apoptotic process,NA,NA,ISO,RGD:620963,J:155856,epithelial_cell_apoptotic_process
MGI:1352467,Esr1,estrogen receptor 1 (alpha),10,NA,regulation of epithelial cell apoptotic process,"happens in uterus,regulates epithelial cell apoptotic process",NA,IMP,MGI:2150897,J:130045,epithelial_cell_apoptotic_process
MGI:2145645,Exoc5,exocyst complex component 5,14,NA,epithelial cell apoptotic process,"is a part of homeostasis of number of cells within a tissue,happens in epithelial cell,happens in metanephros",NA,IMP,MGI:2665300 MGI:4455411,J:226951,epithelial_cell_apoptotic_process
MGI:2145645,Exoc5,exocyst complex component 5,14,NA,epithelial cell apoptotic process,NA,NA,ISO,E2RAC9,J:73065,epithelial_cell_apoptotic_process
MGI:95484,Fas,Fas cell surface death receptor,19,NA,hepatocyte apoptotic process,NA,NA,IGI,MGI:108093,J:209127,epithelial_cell_apoptotic_process
MGI:95484,Fas,Fas cell surface death receptor,19,NA,hepatocyte apoptotic process,NA,NA,IGI,MGI:1929260,J:209127,epithelial_cell_apoptotic_process
MGI:99255,Fasl,Fas ligand,1,NA,positive regulation of endothelial cell apoptotic process,NA,NA,ISO,P48023,J:164563,epithelial_cell_apoptotic_process
MGI:1316726,Fga,fibrinogen alpha chain,3,NA,negative regulation of endothelial cell apoptotic process,NA,NA,IBA,PTN000441572,J:265628,epithelial_cell_apoptotic_process
MGI:1316726,Fga,fibrinogen alpha chain,3,NA,negative regulation of endothelial cell apoptotic process,NA,NA,ISO,P02671,J:164563,epithelial_cell_apoptotic_process
MGI:99501,Fgb,fibrinogen beta chain,3,NA,negative regulation of endothelial cell apoptotic process,NA,NA,ISO,P02675,J:164563,epithelial_cell_apoptotic_process
MGI:95518,Fgf4,fibroblast growth factor 4,7,NA,epithelial cell apoptotic process,"happens in epithelial cell,happens in upper jaw tooth,happens in epithelial cell,happens in lower jaw tooth",NA,IGI,MGI:96970,J:96501,epithelial_cell_apoptotic_process
MGI:1861377,Fgf21,fibroblast growth factor 21,7,NA,negative regulation of endothelial cell apoptotic process,NA,NA,ISO,RGD:620175,J:155856,epithelial_cell_apoptotic_process
MGI:95526,Fgg,fibrinogen gamma chain,3,NA,negative regulation of endothelial cell apoptotic process,NA,NA,ISO,P02679,J:164563,epithelial_cell_apoptotic_process
MGI:1890081,Foxo3,forkhead box O3,10,NA,positive regulation of endothelial cell apoptotic process,NA,NA,ISO,RGD:1309196,J:155856,epithelial_cell_apoptotic_process
MGI:95660,Gas6,growth arrest specific 6,8,NA,negative regulation of endothelial cell apoptotic process,NA,NA,ISO,Q14393,J:164563,epithelial_cell_apoptotic_process
MGI:95662,Gata2,GATA binding protein 2,6,NA,negative regulation of endothelial cell apoptotic process,NA,NA,ISO,P23769,J:164563,epithelial_cell_apoptotic_process
MGI:95663,Gata3,GATA binding protein 3,2,NA,negative regulation of endothelial cell apoptotic process,NA,NA,ISO,P23771,J:164563,epithelial_cell_apoptotic_process
MGI:1861438,Gcm2,glial cells missing homolog 2,13,NA,epithelial cell apoptotic process,happens in chief cell of parathyroid gland,NA,IMP,MGI:1889069,J:121311,epithelial_cell_apoptotic_process
MGI:1861438,Gcm2,glial cells missing homolog 2,13,NA,negative regulation of epithelial cell apoptotic process,"negatively regulates apoptotic process,negatively regulates epithelial cell apoptotic process",NA,IMP,MGI:1889069,J:121311,epithelial_cell_apoptotic_process
MGI:1924104,Gper1,G protein-coupled estrogen receptor 1,5,NA,positive regulation of endothelial cell apoptotic process,NA,NA,ISO,RGD:619845,J:155856,epithelial_cell_apoptotic_process
MGI:1861437,Gsk3b,glycogen synthase kinase 3 beta,16,NA,hepatocyte apoptotic process,NA,NA,ISO,RGD:70982,J:155856,epithelial_cell_apoptotic_process
MGI:95851,Gsn,gelsolin,2,NA,hepatocyte apoptotic process,NA,NA,ISO,P06396,J:164563,epithelial_cell_apoptotic_process
MGI:95851,Gsn,gelsolin,2,NA,positive regulation of keratinocyte apoptotic process,NA,NA,ISO,P06396,J:164563,epithelial_cell_apoptotic_process
MGI:95896,H2-D1,"histocompatibility 2, D region locus 1",17,NA,positive regulation of endothelial cell apoptotic process,NA,NA,ISO,P17693,J:164563,epithelial_cell_apoptotic_process
MGI:95904,H2-K1,"histocompatibility 2, K1, K region",17,NA,positive regulation of endothelial cell apoptotic process,NA,NA,ISO,P17693,J:164563,epithelial_cell_apoptotic_process
MGI:95914,H2-M2,"histocompatibility 2, M region locus 2",17,NA,positive regulation of endothelial cell apoptotic process,NA,NA,ISO,P17693,J:164563,epithelial_cell_apoptotic_process
MGI:95915,H2-M3,"histocompatibility 2, M region locus 3",17,NA,positive regulation of endothelial cell apoptotic process,NA,NA,ISO,P17693,J:164563,epithelial_cell_apoptotic_process
MGI:95917,H2-M5,"histocompatibility 2, M region locus 5",17,NA,positive regulation of endothelial cell apoptotic process,NA,NA,ISO,P17693,J:164563,epithelial_cell_apoptotic_process
MGI:1276522,H2-M10.1,"histocompatibility 2, M region locus 10.1",17,NA,positive regulation of endothelial cell apoptotic process,NA,NA,ISO,P17693,J:164563,epithelial_cell_apoptotic_process
MGI:1276525,H2-M10.2,"histocompatibility 2, M region locus 10.2",17,NA,positive regulation of endothelial cell apoptotic process,NA,NA,ISO,P17693,J:164563,epithelial_cell_apoptotic_process
MGI:1276527,H2-M10.4,"histocompatibility 2, M region locus 10.4",17,NA,positive regulation of endothelial cell apoptotic process,NA,NA,ISO,P17693,J:164563,epithelial_cell_apoptotic_process
MGI:2687364,H2-M10.6,"histocompatibility 2, M region locus 10.6",17,NA,positive regulation of endothelial cell apoptotic process,NA,NA,ISO,P17693,J:164563,epithelial_cell_apoptotic_process
MGI:2676637,H2-M11,"histocompatibility 2, M region locus 11",17,NA,positive regulation of endothelial cell apoptotic process,NA,NA,ISO,P17693,J:164563,epithelial_cell_apoptotic_process
MGI:95928,H2-Q1,"histocompatibility 2, Q region locus 1",17,NA,positive regulation of endothelial cell apoptotic process,NA,NA,ISO,P17693,J:164563,epithelial_cell_apoptotic_process
MGI:95931,H2-Q2,"histocompatibility 2, Q region locus 2",17,NA,positive regulation of endothelial cell apoptotic process,NA,NA,ISO,P17693,J:164563,epithelial_cell_apoptotic_process
MGI:95935,H2-Q6,"histocompatibility 2, Q region locus 6",17,NA,positive regulation of endothelial cell apoptotic process,NA,NA,ISO,P17693,J:164563,epithelial_cell_apoptotic_process
MGI:95936,H2-Q7,"histocompatibility 2, Q region locus 7",17,NA,positive regulation of endothelial cell apoptotic process,NA,NA,ISO,P17693,J:164563,epithelial_cell_apoptotic_process
MGI:95929,H2-Q10,"histocompatibility 2, Q region locus 10",17,NA,positive regulation of endothelial cell apoptotic process,NA,NA,ISO,P17693,J:164563,epithelial_cell_apoptotic_process
MGI:95956,H2-T22,"histocompatibility 2, T region locus 22",17,NA,positive regulation of endothelial cell apoptotic process,NA,NA,ISO,P17693,J:164563,epithelial_cell_apoptotic_process
MGI:3704134,H2-T26,"histocompatibility 2, T region locus 26",17,NA,positive regulation of endothelial cell apoptotic process,NA,NA,ISO,P17693,J:164563,epithelial_cell_apoptotic_process
MGI:103580,Hand2,heart and neural crest derivatives expressed 2,8,NA,epithelial cell apoptotic process,happens in peridermal cell,NA,IMP,MGI:3715149,J:149232,epithelial_cell_apoptotic_process
MGI:103580,Hand2,heart and neural crest derivatives expressed 2,8,NA,negative regulation of epithelial cell apoptotic process,"negatively regulates apoptotic process,negatively regulates epithelial cell apoptotic process",NA,IMP,MGI:3715149,J:149232,epithelial_cell_apoptotic_process
MGI:1343091,Hdac3,histone deacetylase 3,18,NA,positive regulation of type B pancreatic cell apoptotic process,NA,NA,ISO,RGD:619977,J:155856,epithelial_cell_apoptotic_process
MGI:1314873,Hipk1,homeodomain interacting protein kinase 1,3,NA,endothelial cell apoptotic process,NA,NA,ISO,Q86Z02,J:164563,epithelial_cell_apoptotic_process
MGI:96163,Hmox1,heme oxygenase 1,8,NA,epithelial cell apoptotic process,happens in epithelial cell of proximal tubule,NA,IMP,MGI:2429784,J:185907,epithelial_cell_apoptotic_process
MGI:96163,Hmox1,heme oxygenase 1,8,NA,negative regulation of epithelial cell apoptotic process,NA,NA,ISO,RGD:2806,J:155856,epithelial_cell_apoptotic_process
MGI:96163,Hmox1,heme oxygenase 1,8,NA,positive regulation of epithelial cell apoptotic process,"is a part of cellular response to cisplatin,happens in epithelial cell of proximal tubule,positively regulates epithelial cell apoptotic process",NA,IMP,MGI:2429784,J:185907,epithelial_cell_apoptotic_process
MGI:96392,Icam1,intercellular adhesion molecule 1,9,NA,negative regulation of endothelial cell apoptotic process,NA,NA,ISO,P05362,J:164563,epithelial_cell_apoptotic_process
MGI:96396,Id1,"inhibitor of DNA binding 1, HLH protein",2,NA,endothelial cell apoptotic process,happens in lung endothelial cell,NA,IMP,MGI:2679939,J:125521,epithelial_cell_apoptotic_process
MGI:96396,Id1,"inhibitor of DNA binding 1, HLH protein",2,NA,negative regulation of endothelial cell apoptotic process,"negatively regulates apoptotic process,negatively regulates endothelial cell apoptotic process",NA,IMP,MGI:2679939,J:125521,epithelial_cell_apoptotic_process
MGI:96432,Igf1,insulin-like growth factor 1,10,NA,negative regulation of cholangiocyte apoptotic process,NA,NA,ISO,RGD:2868,J:155856,epithelial_cell_apoptotic_process
MGI:96433,Igf1r,insulin-like growth factor I receptor,7,NA,negative regulation of cholangiocyte apoptotic process,NA,NA,ISO,RGD:2869,J:155856,epithelial_cell_apoptotic_process
MGI:96433,Igf1r,insulin-like growth factor I receptor,7,NA,negative regulation of hepatocyte apoptotic process,NA,NA,ISO,RGD:2869,J:155856,epithelial_cell_apoptotic_process
MGI:96556,Il4,interleukin 4,11,NA,negative regulation of endothelial cell apoptotic process,NA,NA,IBA,PTN002934025,J:265628,epithelial_cell_apoptotic_process
MGI:96556,Il4,interleukin 4,11,NA,negative regulation of endothelial cell apoptotic process,NA,NA,ISO,P05112,J:164563,epithelial_cell_apoptotic_process
MGI:96537,Il10,interleukin 10,1,NA,negative regulation of endothelial cell apoptotic process,NA,NA,IGI,P06804,J:235312,epithelial_cell_apoptotic_process
MGI:96541,Il13,interleukin 13,11,NA,negative regulation of endothelial cell apoptotic process,NA,NA,ISO,P35225,J:164563,epithelial_cell_apoptotic_process
MGI:101791,Isl1,"ISL1 transcription factor, LIM/homeodomain",13,NA,positive regulation of type B pancreatic cell apoptotic process,NA,NA,ISO,RGD:61957,J:155856,epithelial_cell_apoptotic_process
MGI:96603,Itga4,integrin alpha 4,2,NA,positive regulation of endothelial cell apoptotic process,NA,NA,ISO,P13612,J:164563,epithelial_cell_apoptotic_process
MGI:96612,Itgb3,integrin beta 3,11,NA,negative regulation of endothelial cell apoptotic process,NA,NA,ISO,RGD:628868,J:155856,epithelial_cell_apoptotic_process
MGI:1914983,Itgb3bp,integrin beta 3 binding protein (beta3-endonexin),4,NA,negative regulation of epithelial cell apoptotic process,NA,NA,IMP,MGI:7486275,J:271187,epithelial_cell_apoptotic_process
MGI:1098270,Jag2,jagged 2,12,NA,epithelial cell apoptotic process involved in palatal shelf morphogenesis,"happens in epithelial cell,happens in palatal shelf epithelium,happens in epithelial cell,happens in tongue epithelium",NA,IMP,MGI:2657215,J:108824,epithelial_cell_apoptotic_process
MGI:96629,Jak2,Janus kinase 2,19,NA,positive regulation of epithelial cell apoptotic process,NA,NA,ISO,RGD:2939,J:155856,epithelial_cell_apoptotic_process
MGI:1277957,Kcnn4,"potassium intermediate/small conductance calcium-activated channel, subfamily N, member 4",7,NA,hepatocyte apoptotic process,NA,NA,ISO,RGD:621476,J:155856,epithelial_cell_apoptotic_process
MGI:96683,Kdr,kinase insert domain protein receptor,5,NA,negative regulation of endothelial cell apoptotic process,NA,NA,ISO,P35968,J:164563,epithelial_cell_apoptotic_process
MGI:1930618,Krit1,"KRIT1, ankyrin repeat containing",5,NA,negative regulation of endothelial cell apoptotic process,NA,NA,ISO,O00522,J:164563,epithelial_cell_apoptotic_process
MGI:96705,Krt8,keratin 8,15,NA,hepatocyte apoptotic process,NA,NA,IMP,MGI:2178042,J:121814,epithelial_cell_apoptotic_process
MGI:96692,Krt18,keratin 18,15,NA,hepatocyte apoptotic process,NA,NA,IMP,MGI:2178045,J:121814,epithelial_cell_apoptotic_process
MGI:96770,Lef1,lymphoid enhancer binding factor 1,3,NA,epithelial cell apoptotic process,"happens in epithelial cell,happens in lower jaw tooth,happens in epithelial cell,happens in upper jaw tooth",NA,IMP,MGI:1926601,J:96501,epithelial_cell_apoptotic_process
MGI:1195263,Lims1,LIM and senescent cell antigen-like domains 1,10,NA,hepatocyte apoptotic process,happens in hepatocyte,NA,IGI,MGI:2385067,J:207543,epithelial_cell_apoptotic_process
MGI:1195263,Lims1,LIM and senescent cell antigen-like domains 1,10,NA,negative regulation of hepatocyte apoptotic process,negatively regulates hepatocyte apoptotic process,NA,IGI,MGI:2385067,J:207543,epithelial_cell_apoptotic_process
MGI:1346347,Mapk7,mitogen-activated protein kinase 7,11,NA,negative regulation of endothelial cell apoptotic process,NA,NA,ISO,Q13164,J:164563,epithelial_cell_apoptotic_process
MGI:1346861,Mapk8,mitogen-activated protein kinase 8,14,NA,type B pancreatic cell apoptotic process,NA,NA,ISO,RGD:621506,J:155856,epithelial_cell_apoptotic_process
MGI:96949,Mdk,midkine,2,NA,negative regulation of epithelial cell apoptotic process,NA,NA,IMP,NA,J:93637,epithelial_cell_apoptotic_process
MGI:96080,Mst1,macrophage stimulating 1 (hepatocyte growth factor-like),9,NA,negative regulation of epithelial cell apoptotic process,NA,NA,IMP,MGI:2445230,J:217515,epithelial_cell_apoptotic_process
MGI:1929260,Mtch2,mitochondrial carrier 2,2,NA,hepatocyte apoptotic process,NA,NA,IGI,MGI:108093,J:209127,epithelial_cell_apoptotic_process
MGI:1929260,Mtch2,mitochondrial carrier 2,2,NA,hepatocyte apoptotic process,NA,NA,IGI,MGI:95484,J:209127,epithelial_cell_apoptotic_process
MGI:1928394,Mtor,mechanistic target of rapamycin kinase,4,NA,negative regulation of cholangiocyte apoptotic process,NA,NA,ISO,RGD:68371,J:155856,epithelial_cell_apoptotic_process
MGI:1928394,Mtor,mechanistic target of rapamycin kinase,4,NA,positive regulation of epithelial cell apoptotic process,NA,NA,ISO,RGD:68371,J:155856,epithelial_cell_apoptotic_process
MGI:97250,Myc,myelocytomatosis oncogene,15,NA,negative regulation of epithelial cell apoptotic process,NA,NA,ISO,RGD:3130,J:155856,epithelial_cell_apoptotic_process
MGI:1298223,Naip1,"NLR family, apoptosis inhibitory protein 1",13,NA,epithelial cell apoptotic process,happens in epithelial cell,NA,IMP,MGI:3620316,J:130045,epithelial_cell_apoptotic_process
MGI:1298223,Naip1,"NLR family, apoptosis inhibitory protein 1",13,NA,negative regulation of epithelial cell apoptotic process,"negatively regulates apoptotic process,negatively regulates epithelial cell apoptotic process",NA,IMP,MGI:3620316,J:130045,epithelial_cell_apoptotic_process
MGI:1915419,Ndnf,neuron-derived neurotrophic factor,6,NA,negative regulation of endothelial cell apoptotic process,NA,NA,ISO,Q8TB73,J:164563,epithelial_cell_apoptotic_process
MGI:1339708,Neurod1,neurogenic differentiation 1,2,NA,negative regulation of type B pancreatic cell apoptotic process,NA,NA,IMP,NA,J:43010,epithelial_cell_apoptotic_process
MGI:108420,Nfe2l2,"nuclear factor, erythroid derived 2, like 2",2,NA,negative regulation of endothelial cell apoptotic process,NA,NA,ISO,Q16236,J:164563,epithelial_cell_apoptotic_process
MGI:1931595,Nfkbiz,"nuclear factor of kappa light polypeptide gene enhancer in B cells inhibitor, zeta",16,NA,epithelial cell apoptotic process,NA,NA,IMP,MGI:3046930,J:194832,epithelial_cell_apoptotic_process
MGI:97321,Ngf,nerve growth factor,3,NA,negative regulation of type B pancreatic cell apoptotic process,NA,NA,ISO,RGD:1598328,J:155856,epithelial_cell_apoptotic_process
MGI:97350,Nkx2-5,NK2 homeobox 5,17,NA,epithelial cell apoptotic process,happens in epithelial cell,NA,IGI,MGI:97351,J:69976,epithelial_cell_apoptotic_process
MGI:97350,Nkx2-5,NK2 homeobox 5,17,NA,negative regulation of epithelial cell apoptotic process,"negatively regulates apoptotic process,negatively regulates epithelial cell apoptotic process",NA,IGI,MGI:97351,J:69976,epithelial_cell_apoptotic_process
MGI:97351,Nkx2-6,NK2 homeobox 6,14,NA,epithelial cell apoptotic process,happens in epithelial cell,NA,IGI,MGI:97350,J:69976,epithelial_cell_apoptotic_process
MGI:97351,Nkx2-6,NK2 homeobox 6,14,NA,negative regulation of epithelial cell apoptotic process,"negatively regulates apoptotic process,negatively regulates epithelial cell apoptotic process",NA,IGI,MGI:97350,J:69976,epithelial_cell_apoptotic_process
MGI:1097712,Npc1,NPC intracellular cholesterol transporter 1,18,NA,negative regulation of epithelial cell apoptotic process,NA,NA,ISO,RGD:628693,J:155856,epithelial_cell_apoptotic_process
MGI:1891834,Nupr1,nuclear protein transcription regulator 1,7,NA,negative regulation of epithelial cell apoptotic process,NA,NA,IMP,NA,J:271708,epithelial_cell_apoptotic_process
MGI:1917834,Pak4,p21 (RAC1) activated kinase 4,7,NA,negative regulation of endothelial cell apoptotic process,NA,NA,ISO,O96013,J:164563,epithelial_cell_apoptotic_process
MGI:107490,Pdcd4,programmed cell death 4,19,NA,positive regulation of endothelial cell apoptotic process,NA,NA,ISO,Q53EL6,J:164563,epithelial_cell_apoptotic_process
MGI:102851,Pdx1,pancreatic and duodenal homeobox 1,5,NA,negative regulation of type B pancreatic cell apoptotic process,negatively regulates type B pancreatic cell apoptotic process,NA,IMP,MGI:2181360,J:165268,epithelial_cell_apoptotic_process
MGI:102851,Pdx1,pancreatic and duodenal homeobox 1,5,NA,type B pancreatic cell apoptotic process,"happens in type B pancreatic cell,happens in endocrine pancreas",NA,IMP,MGI:2181360,J:165268,epithelial_cell_apoptotic_process
MGI:97567,Pgr,progesterone receptor,9,NA,negative regulation of granulosa cell apoptotic process,NA,NA,ISO,RGD:3317,J:155856,epithelial_cell_apoptotic_process
MGI:2136940,Pias4,protein inhibitor of activated STAT 4,10,NA,positive regulation of keratinocyte apoptotic process,NA,NA,IDA,NA,J:172990,epithelial_cell_apoptotic_process
MGI:1353576,Pik3cg,"phosphatidylinositol-4,5-bisphosphate 3-kinase catalytic subunit gamma",12,NA,hepatocyte apoptotic process,NA,NA,ISO,RGD:1306468,J:155856,epithelial_cell_apoptotic_process
MGI:2155808,Pkhd1,polycystic kidney and hepatic disease 1,1,NA,negative regulation of epithelial cell apoptotic process,NA,NA,IMP,NA,J:167782,epithelial_cell_apoptotic_process
MGI:101842,Pla2g1b,"phospholipase A2, group IB, pancreas",5,NA,positive regulation of podocyte apoptotic process,NA,NA,ISO,P04054,J:164563,epithelial_cell_apoptotic_process
MGI:102468,Pla2r1,phospholipase A2 receptor 1,2,NA,positive regulation of podocyte apoptotic process,NA,NA,ISO,Q13018,J:164563,epithelial_cell_apoptotic_process
MGI:97615,Plcg1,"phospholipase C, gamma 1",2,NA,positive regulation of endothelial cell apoptotic process,NA,NA,ISO,P19174,J:164563,epithelial_cell_apoptotic_process
MGI:104740,Ppara,peroxisome proliferator activated receptor alpha,15,NA,negative regulation of hepatocyte apoptotic process,NA,NA,ISO,Q07869,J:164563,epithelial_cell_apoptotic_process
MGI:1342774,Ppargc1a,"peroxisome proliferative activated receptor, gamma, coactivator 1 alpha",5,NA,positive regulation of podocyte apoptotic process,NA,NA,ISO,RGD:620925,J:155856,epithelial_cell_apoptotic_process
MGI:2145955,Prkaa1,"protein kinase, AMP-activated, alpha 1 catalytic subunit",15,NA,negative regulation of hepatocyte apoptotic process,NA,NA,ISO,Q13131,J:164563,epithelial_cell_apoptotic_process
MGI:1336173,Prkaa2,"protein kinase, AMP-activated, alpha 2 catalytic subunit",4,NA,negative regulation of hepatocyte apoptotic process,NA,NA,ISO,P54646,J:164563,epithelial_cell_apoptotic_process
MGI:99260,Prkci,"protein kinase C, iota",3,NA,positive regulation of endothelial cell apoptotic process,NA,NA,ISO,P41743,J:164563,epithelial_cell_apoptotic_process
MGI:1914401,Psmd9,"proteasome (prosome, macropain) 26S subunit, non-ATPase, 9",5,NA,type B pancreatic cell apoptotic process,NA,NA,ISO,RGD:621110,J:155856,epithelial_cell_apoptotic_process
MGI:1859650,Ramp2,receptor (calcitonin) activity modifying protein 2,11,NA,negative regulation of endothelial cell apoptotic process,NA,NA,IMP,NA,J:130931,epithelial_cell_apoptotic_process
MGI:1859650,Ramp2,receptor (calcitonin) activity modifying protein 2,11,NA,negative regulation of endothelial cell apoptotic process,NA,NA,ISO,O60895,J:164563,epithelial_cell_apoptotic_process
MGI:97874,Rb1,RB transcriptional corepressor 1,14,NA,hepatocyte apoptotic process,happens in liver,NA,IMP,MGI:1857242,J:71535,epithelial_cell_apoptotic_process
MGI:97874,Rb1,RB transcriptional corepressor 1,14,NA,negative regulation of hepatocyte apoptotic process,NA,NA,ISO,RGD:3540,J:155856,epithelial_cell_apoptotic_process
MGI:1913464,Rgcc,regulator of cell cycle,14,NA,positive regulation of endothelial cell apoptotic process,NA,NA,ISO,Q9H4X1,J:164563,epithelial_cell_apoptotic_process
MGI:99685,Ryr2,"ryanodine receptor 2, cardiac",13,NA,type B pancreatic cell apoptotic process,NA,NA,IMP,NA,J:123988,epithelial_cell_apoptotic_process
MGI:99685,Ryr2,"ryanodine receptor 2, cardiac",13,NA,type B pancreatic cell apoptotic process,NA,NA,ISO,Q92736,J:164563,epithelial_cell_apoptotic_process
MGI:1927144,Sav1,salvador family WW domain containing 1,12,NA,keratinocyte apoptotic process,happens in keratinocyte,NA,IMP,MGI:3790763,J:134270,epithelial_cell_apoptotic_process
MGI:1927144,Sav1,salvador family WW domain containing 1,12,NA,positive regulation of keratinocyte apoptotic process,"happens in skin,positively regulates keratinocyte apoptotic process",NA,IMP,MGI:3790763,J:134270,epithelial_cell_apoptotic_process
MGI:103033,Scg2,secretogranin II,1,NA,negative regulation of endothelial cell apoptotic process,NA,NA,ISO,P13521,J:164563,epithelial_cell_apoptotic_process
MGI:107556,Sema5a,"sema domain, seven thrombospondin repeats (type 1 and type 1-like), transmembrane domain (TM) and short cytoplasmic domain, (semaphorin) 5A",15,NA,negative regulation of endothelial cell apoptotic process,NA,NA,IDA,NA,J:203404,epithelial_cell_apoptotic_process
MGI:3042250,Serpinb13,"serine (or cysteine) peptidase inhibitor, clade B (ovalbumin), member 13",1,NA,negative regulation of keratinocyte apoptotic process,NA,NA,ISO,Q9UIV8,J:164563,epithelial_cell_apoptotic_process
MGI:97608,Serpine1,"serine (or cysteine) peptidase inhibitor, clade E, member 1",5,NA,negative regulation of endothelial cell apoptotic process,NA,NA,ISO,P05121,J:164563,epithelial_cell_apoptotic_process
MGI:892010,Sfrp4,secreted frizzled-related protein 4,13,NA,positive regulation of keratinocyte apoptotic process,NA,NA,ISO,Q6FHJ7,J:164563,epithelial_cell_apoptotic_process
MGI:102764,Six3,sine oculis-related homeobox 3,17,NA,lens fiber cell apoptotic process,NA,NA,IDA,NA,J:77351,epithelial_cell_apoptotic_process
MGI:1338015,Sort1,sortilin 1,3,NA,positive regulation of epithelial cell apoptotic process,NA,NA,ISO,RGD:619999,J:155856,epithelial_cell_apoptotic_process
MGI:1343085,Spop,speckle-type BTB/POZ protein,11,NA,positive regulation of type B pancreatic cell apoptotic process,positively regulates type B pancreatic cell apoptotic process,NA,IGI,MGI:102851,J:165286,epithelial_cell_apoptotic_process
MGI:1343085,Spop,speckle-type BTB/POZ protein,11,NA,type B pancreatic cell apoptotic process,"happens in type B pancreatic cell,happens in endocrine pancreas",NA,IGI,MGI:102851,J:165286,epithelial_cell_apoptotic_process
MGI:1915246,Srsf6,serine and arginine-rich splicing factor 6,2,NA,negative regulation of type B pancreatic cell apoptotic process,NA,NA,ISO,RGD:1359241,J:155856,epithelial_cell_apoptotic_process
MGI:1928487,Stk3,serine/threonine kinase 3,15,NA,hepatocyte apoptotic process,NA,NA,IGI,MGI:104798,J:156541,epithelial_cell_apoptotic_process
MGI:1929004,Stk4,serine/threonine kinase 4,2,NA,hepatocyte apoptotic process,NA,NA,IGI,MGI:104798,J:156541,epithelial_cell_apoptotic_process
MGI:1929004,Stk4,serine/threonine kinase 4,2,NA,hepatocyte apoptotic process,happens in hepatocyte,NA,IGI,MGI:1928487,J:156541,epithelial_cell_apoptotic_process
MGI:1929004,Stk4,serine/threonine kinase 4,2,NA,positive regulation of hepatocyte apoptotic process,"happens in liver,positively regulates hepatocyte apoptotic process",NA,IGI,MGI:1928487,J:156541,epithelial_cell_apoptotic_process
MGI:1202879,Tcf7l2,"transcription factor 7 like 2, T cell specific, HMG box",19,NA,negative regulation of type B pancreatic cell apoptotic process,NA,NA,ISO,RGD:1583621,J:155856,epithelial_cell_apoptotic_process
MGI:98664,Tek,TEK receptor tyrosine kinase,4,NA,negative regulation of endothelial cell apoptotic process,NA,NA,IMP,NA,J:115217,epithelial_cell_apoptotic_process
MGI:1202709,Tert,telomerase reverse transcriptase,13,NA,negative regulation of endothelial cell apoptotic process,NA,NA,ISO,RGD:70494,J:155856,epithelial_cell_apoptotic_process
MGI:98725,Tgfb1,"transforming growth factor, beta 1",7,NA,positive regulation of endothelial cell apoptotic process,NA,NA,ISO,P01137,J:164563,epithelial_cell_apoptotic_process
MGI:98729,Tgfbr2,"transforming growth factor, beta receptor II",9,NA,lens fiber cell apoptotic process,NA,NA,IDA,NA,J:71882,epithelial_cell_apoptotic_process
MGI:98737,Thbs1,thrombospondin 1,2,NA,positive regulation of endothelial cell apoptotic process,NA,NA,ISO,P07996,J:164563,epithelial_cell_apoptotic_process
MGI:107914,Tia1,cytotoxic granule-associated RNA binding protein 1,6,NA,positive regulation of epithelial cell apoptotic process,NA,NA,ISO,RGD:1305742,J:155856,epithelial_cell_apoptotic_process
MGI:1916288,Tmem258,transmembrane protein 258,19,NA,epithelial cell apoptotic process,"happens in intestinal epithelial cell,happens in cellular_component",NA,IMP,MGI:5892142,J:240635,epithelial_cell_apoptotic_process
MGI:2684999,Tmf1,TATA element modulatory factor 1,6,NA,epithelial cell apoptotic process,happens in epithelial cell,NA,IMP,MGI:4867392,J:193786,epithelial_cell_apoptotic_process
MGI:2684999,Tmf1,TATA element modulatory factor 1,6,NA,negative regulation of epithelial cell apoptotic process,"negatively regulates apoptotic process,negatively regulates epithelial cell apoptotic process",NA,IMP,MGI:4867392,J:193786,epithelial_cell_apoptotic_process
MGI:104798,Tnf,tumor necrosis factor,17,NA,endothelial cell apoptotic process,NA,NA,IDA,NA,J:235312,epithelial_cell_apoptotic_process
MGI:104798,Tnf,tumor necrosis factor,17,NA,regulation of endothelial cell apoptotic process,NA,NA,ISO,P01375,J:164563,epithelial_cell_apoptotic_process
MGI:1196377,Tnfaip3,"tumor necrosis factor, alpha-induced protein 3",10,NA,negative regulation of endothelial cell apoptotic process,NA,NA,ISO,P21580,J:164563,epithelial_cell_apoptotic_process
MGI:2386643,Tnip2,TNFAIP3 interacting protein 2,5,NA,negative regulation of endothelial cell apoptotic process,NA,NA,ISO,Q8NFZ5,J:164563,epithelial_cell_apoptotic_process
MGI:1917057,Trim32,tripartite motif-containing 32,4,NA,negative regulation of keratinocyte apoptotic process,NA,NA,NAS,NA,J:172990,epithelial_cell_apoptotic_process
MGI:1330810,Trp63,transformation related protein 63,16,NA,epithelial cell apoptotic process,happens in epithelial cell,PR:000044373,IMP,MGI:1934580,J:119657,epithelial_cell_apoptotic_process
MGI:1330810,Trp63,transformation related protein 63,16,NA,negative regulation of epithelial cell apoptotic process,"negatively regulates apoptotic process,negatively regulates epithelial cell apoptotic process",PR:000044373,IMP,MGI:1934580,J:119657,epithelial_cell_apoptotic_process
MGI:1354168,Ttpa,tocopherol (alpha) transfer protein,4,NA,negative regulation of epithelial cell apoptotic process,NA,NA,ISO,RGD:3915,J:155856,epithelial_cell_apoptotic_process
MGI:1929785,Umodl1,uromodulin-like 1,17,NA,regulation of granulosa cell apoptotic process,regulates granulosa cell apoptotic process,NA,IDA,NA,J:197882,epithelial_cell_apoptotic_process
MGI:2139607,Usp53,ubiquitin specific peptidase 53,3,NA,epithelial cell apoptotic process,happens in Deiter's cell,NA,IMP,MGI:3708452,J:227841,epithelial_cell_apoptotic_process
MGI:1328355,Wfs1,wolframin ER transmembrane glycoprotein,5,NA,negative regulation of type B pancreatic cell apoptotic process,NA,NA,IMP,NA,J:109537,epithelial_cell_apoptotic_process
MGI:1328355,Wfs1,wolframin ER transmembrane glycoprotein,5,NA,negative regulation of type B pancreatic cell apoptotic process,NA,NA,IMP,NA,J:172997,epithelial_cell_apoptotic_process
MGI:1328355,Wfs1,wolframin ER transmembrane glycoprotein,5,NA,negative regulation of type B pancreatic cell apoptotic process,NA,NA,ISO,O76024,J:164563,epithelial_cell_apoptotic_process
MGI:101948,Wnt11,"wingless-type MMTV integration site family, member 11",7,NA,epithelial cell apoptotic process,happens in epithelial cell,NA,IMP,NA,J:132412,epithelial_cell_apoptotic_process
MGI:101948,Wnt11,"wingless-type MMTV integration site family, member 11",7,NA,positive regulation of epithelial cell apoptotic process,"happens in palatal shelf,positively regulates epithelial cell apoptotic process",NA,IMP,NA,J:132412,epithelial_cell_apoptotic_process
MGI:98970,Xbp1,X-box binding protein 1,11,NA,positive regulation of endothelial cell apoptotic process,NA,NA,ISO,P17861,J:164563,epithelial_cell_apoptotic_process
MGI:103262,Yap1,yes-associated protein 1,9,NA,negative regulation of epithelial cell apoptotic process,NA,NA,ISO,P46937,J:164563,epithelial_cell_apoptotic_process
MGI:99180,Zfp36,zinc finger protein 36,7,NA,regulation of keratinocyte apoptotic process,NA,NA,ISO,P26651,J:164563,epithelial_cell_apoptotic_process
MGI:107946,Zfp36l1,"zinc finger protein 36, C3H type-like 1",12,NA,regulation of keratinocyte apoptotic process,NA,NA,ISO,Q07352,J:164563,epithelial_cell_apoptotic_process
